"Path","Bytes","SHA256"
".gitattributes","216","9A7298BCA279B2264181477A104EF6A9D5A35F84EAB221CDCC9489A92D5B6FCE"
".gitignore","286","913928B19E55F17D374CA8FA9C6FB770930A64A97F79D7E4D558F3D980671747"
"Assets/CesiumSettings.meta","172","5801CEB9EC2A27BE566FD9681F266094720CE655268EDE3B86E1697C0E715E4C"
"Assets/CesiumSettings/Resources.meta","172","EDC3792BDF6BD21DD82E70038157E740D0EE47051B29CAEAE28A17DE730C6BE3"
"Assets/CesiumSettings/Resources/CesiumIonServers.meta","172","DA8BFECEE2998ECFA1EF5179D88DFB4431E198632E6778169BAB1106025844A3"
"Assets/CesiumSettings/Resources/CesiumIonServers/ion.cesium.com.asset","553","F9A086496B7977B0F57E6F5222063E8147633C8209C22AC78CF3B6FD539D8DEF"
"Assets/CesiumSettings/Resources/CesiumIonServers/ion.cesium.com.asset.meta","189","7F20863B09AC1EA7CB30D6FC2FD9CECC3B27C847B640248333934EE3B7549C61"
"Assets/CesiumSettings/Resources/CesiumRuntimeSettings.asset","516","CD54C796D61DEB3E574E7CCEADFB632FEF98F8096DE546F49B3DAFEB788FB91E"
"Assets/CesiumSettings/Resources/CesiumRuntimeSettings.asset.meta","189","E420529682EBF70139CA3DB8E6EA79A0A374C49E930A2E02EC2BFA39875D548A"
"Assets/Data.meta","172","462DBAD2D3C7B09DD483A911A195A748D1D324873C171AFA98180B1A52461D33"
"Assets/Data/DesktopStudyArea.json","1314","EDF08B51138B95A457CCDFF12093EF46B5B7BD71F7DB9D94D641C781D5C168F9"
"Assets/Data/DesktopStudyArea.json.meta","158","CC3B3CCE9FA97F0C76F887A0875CF6480DA8111D94BF5285E98912205718D5EA"
"Assets/Data/MovementSetup.md","4770","4A1862FDC1B186898676CFEC14472630BEB398CF2E86146B7B8433F1706B2871"
"Assets/Data/MovementSetup.md.meta","158","699BE98BCE4B73C8B122B8CA76725DED1FBA5E79A8DB5DAC85813AA176549C9F"
"Assets/Data/RouteSetup.md","3872","E91C3661253A6885F1BC73200618084672D38A3EC1FF84EDACCEC30E65C582CF"
"Assets/Data/RouteSetup.md.meta","158","E0F44A7676FFEC829FC7A358B2D6D8A23CA143D1CDB93F7D8C29AD215C02903E"
"Assets/Data/ScenarioSetup.md","6771","4CBE4DAA1493A57455CF1E97C6013E7057A0E2DCAD51B26BE96F9BEC8770BE6D"
"Assets/Data/ScenarioSetup.md.meta","158","97A05F0013F0177D1132222A0AFE67C5A2960E9A655C515C63133941F8B59C6E"
"Assets/Data/VehicleSetup.md","2561","5D2A5C63CEA06C1239EAA8EF85D66DF44C18F5A900BF9C9521F7F611C42ED1FB"
"Assets/Data/VehicleSetup.md.meta","158","0B24995F71D2BB214F541C1AB6047620CCB8BEC7F678CD983D9BDEFB1CE43F5F"
"Assets/Editor.meta","172","66F812FA4ADB5C2094AE78D3CE37FA8F6BFABA6FF5746BDE9F4A2EBC92E01466"
"Assets/Editor/TrafficScenarioManagerEditor.cs","1045","C97696936178C1EDA352A6DB175AEA2B72BBF815AACF3F1376113C3F5850FB62"
"Assets/Editor/TrafficScenarioManagerEditor.cs.meta","243","971895F301F9532B83B41A587F3EEB9FC959AEB54CDA506AF0E9C3E8B2E85808"
"Assets/Experiment.meta","172","603FCCB70FEA05F34D6C715AEFC845A512D832488EC9FAF9A88F4B7298E72726"
"Assets/Materials.meta","172","18E1C0B383261334494E4DC23DED91D1458756A75B0249AD06FEB66426AC7D98"
"Assets/Materials/TestTruckBody.mat","2194","5958D731677FE09C05A6B00BDACD942A35A6C4D404D025C4BD5A8AF23D334589"
"Assets/Materials/TestTruckBody.mat.meta","188","B6A2780B955774F6583B2B6749DAED67F22577A2D45432BE87E367463A65A8DE"
"Assets/Materials/TestTruckCab.mat","2192","CED56AA8FABF8FB1EA128B758B52D1E72B950B13413FECEE1FBC9BADE41F3531"
"Assets/Materials/TestTruckCab.mat.meta","188","C3BCCF4ECA253BAF6A5385EDEAFCC0A785E795D05C2104D3274E424D9FEAC860"
"Assets/Models.meta","172","18C4DB2E1DBFD33F4061091170D2DE2F5ACC9789F36E060BEE02420E27D1ACEB"
"Assets/Prefabs.meta","172","3F76E09AA2A20978DF57BC80073C17043C9CB89946A39FA7A3225F75E61E9974"
"Assets/Prefabs/TestTruck.prefab","6909","E515C3C824E09DCD18D407324B2A4C5C3E8820B105C17642DB61A09F51C3E78A"
"Assets/Prefabs/TestTruck.prefab.meta","154","CE0D07096D796FD1FB3830F98E18E2984F0888C6E88F0D44BC02F91A85B3329E"
"Assets/Scenes.meta","172","A7D288DD80ED407F4ECD3816320BE7A2AC9C010118388D4980DA2201DE4F5DA1"
"Assets/Scenes/PortOfDover.unity","48590","523DA33E7FDAA99230EBA75CDC082BB05E91A6E5A3EFD562E9CC263CF66BDEEE"
"Assets/Scenes/PortOfDover.unity.meta","155","5E88AADCFAFCBB11189C9942D51B122DC5E1F5A193982ACEDC6FE349A42E0A19"
"Assets/Scenes/SampleScene.unity","14975","C5C30EB68D12F248B64711094E059A44EC4A11500F6CECADDE8863E6B5499313"
"Assets/Scenes/SampleScene.unity.meta","155","ACEAB14F038DBD3A1778159772CD9E89D7D8188F9158F06C204A8912438D8C96"
"Assets/Scripts.meta","172","ED391DB17E7359ECC00AB3B5AD4D380B6E41694AEF30EA414977FCA5FBDCAD13"
"Assets/Scripts/DesktopCameraController.cs","4291","7611F99C48DF215BB9333FB1E82BB3ACA13C38B0A2270DADAA9DFC17A39BC8B4"
"Assets/Scripts/DesktopCameraController.cs.meta","243","87144989485EE50A7BDF8DBE70AE9AC5130CDABE0F23D6DFFE75E28D8DCB5FE9"
"Assets/Scripts/RouteVisualizer.cs","1142","81409DA69E73AEB553EA7E32707B6ECFD8E381962A8CCF65249137819B0D2BB9"
"Assets/Scripts/RouteVisualizer.cs.meta","243","AAE61192CA376E7C559D418E0D372A59F2821103C29725A3912D59F398DA5623"
"Assets/Scripts/TrafficScenarioManager.cs","9540","9FE5E8BB25445D272039A98F120156A845F42BA21A3054AF5BB9579E53F24341"
"Assets/Scripts/TrafficScenarioManager.cs.meta","243","BEAD2C92E672C4FF654525B724F10DE19FA07941D6DC2D9C8DCAB0BFEEE172F2"
"Assets/Scripts/VehicleRouteFollower.cs","7425","ADB54A1B772528854EFE76553EA96AAE803AADAADE1F2F55E079EC81F1BCDC02"
"Assets/Scripts/VehicleRouteFollower.cs.meta","243","1045DEA8824384CFAC9CD17DC60FB8DA5A3E5117AE2D722508C1B1EE51119FBF"
"Assets/Traffic.meta","172","6644C38D1C64176A4282BDE89A0B31886F63B70117D0168AB2040F11946FCEA0"
"Assets/UI.meta","172","03305ABE2B611A322BB2D213F12FB683F703862C2E0F54F24C323C2F41D6EFD0"
"Assets/XR.meta","172","B6C697892E9071D36373448DF1500A600D120963236DA7A5732A85C9C01C42C8"
"Docs/Backups/SampleScene-before-editor-save.unity.txt","14975","C5C30EB68D12F248B64711094E059A44EC4A11500F6CECADDE8863E6B5499313"
"Docs/Desktop-Setup.md","4502","302402356F457322DC740E567CA4A47B742BD286E51C5779BFAA6860D6B39845"
"Docs/MovementValidation.txt","2051","E00522978594CB857F3921439DC3618A4897DAEECB76CDC0B25A2ADC0137E95C"
"Packages/manifest.json","1899","FB18C6A592419C6D6929F5F760FFD986E2DC71B136D89C69256B494F07A03911"
"Packages/packages-lock.json","11797","AC14FC2F156325C93FE1D8541166FE14D2D45092DC73CAAD63BD496F7271AC0C"
"PREPARATION-NOTES.md","1129","AF0317B5451A45800B645FAFA0C276F5DAAB7D715A5C5C0982DC539BE68D2C48"
"ProjectSettings/AudioManager.asset","416","F2ED914F70919B6434C647BD820850BE731B408F0F0C31E3BF7F98C8CAFB617F"
"ProjectSettings/ClusterInputManager.asset","114","40E65DD214BF254955D2C8829CA8CE2130FD3510485560CE012E9A1DDD93E623"
"ProjectSettings/DynamicsManager.asset","1190","80BA5565BEEFDDABBA07863F19983C62409753FB36BFF400FE36CF9A7DB94690"
"ProjectSettings/EditorBuildSettings.asset","160","1942C088DDFEEEF348FDF12390E2A2D6DA51056E197458D67969D44E7B2CBBD3"
"ProjectSettings/EditorSettings.asset","970","705E5DDE8B4CEB8147971B0C8F3781EBBE566A12B8E280379EE24F2BD9AD9474"
"ProjectSettings/GraphicsSettings.asset","2230","442894020EEBC9CFEDDC7B95F3E637FDCF033513A507E0FBE231A8E0E4F7D60B"
"ProjectSettings/InputManager.asset","9754","60C83AE48E29A782141F99032EB38E803D18475124FF5224FBD1FD81B233F051"
"ProjectSettings/MemorySettings.asset","1192","1E8379A461B10AE09F3F696911088C16875D63E87ED5F2D95DF9E1892703F9FD"
"ProjectSettings/NavMeshAreas.asset","1308","80106CFA7E6181A1928B142C075F3E510D527441E3D79BC83590E4AC91E7CD66"
"ProjectSettings/PackageManagerSettings.asset","1149","195BE756EC48A90C9CD074FD7205395B39800D5F7746A312FB02AB641D735CAA"
"ProjectSettings/Packages/com.unity.testtools.codecoverage/Settings.json","64","A40F81B0DCC795E422F5CA0881FE7DAD4E26CB8FDB33244A70F110835C1A8D44"
"ProjectSettings/Physics2DSettings.asset","2028","D57A0FE55659C33879E8B70BC01C5EA9CDF082069DAB649905C6C5138531E6EB"
"ProjectSettings/PresetManager.asset","146","29C125923FE6E29F90190D4FCE1C82D660E7051546E2C9D02908D18C9CF2436C"
"ProjectSettings/ProjectSettings.asset","23671","0B6C1A99A96C1A4ECF750D94A0C94E9D0DE95981B86EABD5240595E4F03DF248"
"ProjectSettings/ProjectVersion.txt","85","E57ED13A2A607A38C988131434259D4D7C79AEAFFE3671FC3CCABF73AC17799F"
"ProjectSettings/QualitySettings.asset","9135","23CBC5BF663E646E79CA4B7699CF4920525E77C6633D4AE99CCCC3D0465B1C8A"
"ProjectSettings/SceneTemplateSettings.json","3534","5BAF593374AD67246277A435D8D0DED7167696EEF6E05D2D245670E490625D8C"
"ProjectSettings/ShaderGraphSettings.asset","490","733EB0B08F2D9E57A51CEF99C450140B18DDD101065CAD1B9CDE9330899ED8C7"
"ProjectSettings/TagManager.asset","385","38CACAC0280CB2C2C2CDCA5E05720B392E7455FBF8F9D0825156C3C58B1A34D5"
"ProjectSettings/TimeManager.asset","202","1A83E54ADBBDA7C9F4851103A0C6AB7F6448A3343D4EA5B7620452FA08416ECD"
"ProjectSettings/UnityConnectSettings.asset","943","D6034ACBEF6C9E3179866486C31EAB81FCBE5E7ED350CE71E0FA2B1449B77109"
"ProjectSettings/VersionControlSettings.asset","188","E7BDA45BF7A394745FEE1316E6C71FA676004D591AD1F3AA247FD3E4CEB86071"
"ProjectSettings/VFXManager.asset","308","F066C6483919961332415EE64204F74FE52F38C02E82892EB02B7A5B2E381F0E"
"ProjectSettings/XRSettings.asset","158","EDD2BEB4A2E388312B4B7DA241AA51070434005D82C59363F1237DD2E567585F"
"README.md","4330","539C5300F5BE6C415CA5F417E4B091DE93F265641C0FA0D75E9E5C0C09E79B67"
